rank,name,amount,aDPS,rDPS,nDPS,duration_s,report_code,fight_id,bard_actor_id,final_raging_s,final_battle_voice_s,final_radiant_finale_s,final_party_anchor_s,death_after_final_anchor_s,rough_cycle_phase_s
1,Hide Elder,35131.970782275,35131.970782275,41540.64077826,32151.540775647,509.942,mcV9PHtkNJ6zFpbA,50,189,486.951,489.128,489.802,489.128,20.81400000000002,29.942000000000007
2,Lefiena Riliales,34915.710091937,34915.710091937,40105.936983276,32325.755064418,512.738,zLHhMqKwW9d6r3Rf,330,765,486.214,490.543,491.213,490.543,22.19500000000005,32.738000000000056
3,Sakura Fleur,34858.859797043,34858.859797043,40928.248397762,32648.914647194,532.07,LQMvFdjTCPVXp6tq,1,2,494.188,492.849,493.521,492.849,39.22100000000006,52.07000000000005
4,Ara Ban,34748.517924087,34748.517924087,43365.153341274,32639.14658566,507.403,Kn9vkBgZT3RPGxDf,21,4,489.945,487.051,487.72,487.051,20.352000000000032,27.40300000000002
5,Anonymous,34644.589079623,34644.589079623,40252.007308467,31554.182755016,502.584,a:jpDynTLQmCax2VMZ,18,19,487.808,485.003,485.581,485.003,17.581000000000017,22.584000000000003
6,Mee Anist,34432.712705601,34432.712705601,40685.700268873,31698.067933521,507.728,Q4KmWZdDHP7RwgjL,54,1439,490.109,485.871,487.3,485.871,21.857000000000028,27.72800000000001
7,Hemera Mictlan,34426.506867124,34426.506867124,38972.992693426,31702.075172434,550.583,y3NJpxqPfZW17c4D,4,335,489.864,491.287,492.001,491.287,59.29599999999999,70.58299999999997
8,Elessar Kairi,34416.823958363,34416.823958363,40330.654508564,32409.963628042,520.358,pXWY3NtLw749Tyfh,2,978,492.265,490.886,490.131,490.131,30.226999999999975,40.35799999999995
9,Nihilis Nil,34394.724217884,34394.724217884,39107.478646002,31052.07652979,525.928,9jK76CAB4MgfkFHr,1,4,489.766,487.54,486.873,486.873,39.05500000000001,45.928
10,Miliam Guropius,34363.491979975,34363.491979975,40802.781673408,32448.586443581,514.443,jbDJPNWfgqhz69Tt,2,11,489.532,486.859,488.864,486.859,27.584000000000003,34.442999999999984
11,Lancia Stratos,34359.135634379,34359.135634379,39480.34755182,31841.232130055,522.018,MNrmfJYhWxLVPk9p,1,6,486.074,487.594,488.264,487.594,34.424000000000035,42.01800000000003
12,Lavshuca Poirot,34348.672794009,34348.672794009,39890.808559992,31075.434995131,506.371,fNHpthYQZJBaPdgA,1,5,492.815,494.112,492.058,492.058,14.312999999999988,26.37099999999998
13,Vincent Kline,34294.171135684,34294.171135684,38933.37148775,30784.835535319,527.533,TrVdz27vLQmhPAk3,1,7,495.069,492.703,494.356,492.703,34.83000000000004,47.533000000000015
14,Haase Latreia,34263.931134912,34263.931134912,41262.840179905,31531.454049839,510.87,rpFMtP98N4cwfhX7,34,2135,490.385,488.871,488.205,488.205,22.66500000000002,30.870000000000005
15,Miroq Ray,34243.102,34243.102,39703.004698801,31000.479375819,500.986,tgkTvpyF1WYLZDKn,2,625,491.614,490.914,489.088,489.088,11.897999999999968,20.98599999999999
16,Torha Nox,34220.372088098,34220.372088098,40110.080513836,31021.183167033,510.869,QMGygLdWcJXZ6BKz,1,15,487.333,490.223,489.561,489.561,21.30800000000005,30.869000000000028
17,Nalshe Falkner,34156.325310694,34156.325310694,39454.379398462,31412.94991779,508.654,DtAQPLpfnJvmZ9VN,4,2,488.643,487.661,485.608,485.608,23.045999999999992,28.653999999999996
18,Rhaygea Menphina,34123.077721635,34123.077721635,39687.060950043,31531.804757586,501.573,B8q7YmPJCnRy3FXv,12,19,491.387,489.388,488.322,488.322,13.250999999999976,21.57299999999998
19,Mao Mizuno,34036.286023401,34036.286023401,39134.215365302,30866.860314699,510.002,3gr1CaBpJKf8qAdH,2,11,489.762,487.089,487.755,487.089,22.91300000000001,30.00200000000001
20,Haruta Natsuki,34020.900916592,34020.900916592,39587.386168598,31336.653122808,506.222,8ZFTm1ByDW9Nb3vp,1,12,489.497,491.367,491.991,491.367,14.854999999999961,26.22199999999998
21,Baru Hachiware,33944.877424718,33944.877424718,38841.965207776,31129.921387347,557.573,HC87XzAjaPwkn2rd,2,5,489.218,488.553,486.866,486.866,70.707,77.57299999999998
22,Evans Mm,33912.734547052,33912.734547052,40073.183335649,31236.141045957,506.191,9rQ1GyM86qRZChtg,1,5,489.249,487.776,487.107,487.107,19.083999999999946,26.190999999999974
23,I'tuva Yatra,33896.544149079,33896.544149079,40634.787748041,32585.327084794,506.136,pfn1aGqQwgzt2vFT,14,222,492.258,490.701,490.034,490.034,16.102000000000032,26.136000000000024
24,Ohana Matsumae,33868.239776937,33868.239776937,41109.350185402,31825.334865126,511.822,L2F3Yk1GNH86WRh7,56,1579,493.148,492.389,490.473,490.473,21.34899999999999,31.822000000000003
25,Yuki Ortiz,33851.423043258,33851.423043258,38490.507352718,31205.993150655,543.7,Fmpn3ykvLqtPTWKg,37,26,494.721,490.405,489.828,489.828,53.87200000000007,63.700000000000045
26,Zaps Bleps,33765.126500667,33765.126500667,40236.92031513,32087.848050651,505.126,yrmpQnxZLhJ9Kb27,75,7,489.26,488.413,486.945,486.945,18.180999999999983,25.125999999999976
27,Chloe Kisaka,33755.437251912,33755.437251912,37793.197812194,31225.015445386,568.601,NAxjwGChm2bfBQ1c,25,445,492.613,490.966,490.296,490.296,78.305,88.601
28,Charlie Knight,33744.390299494,33744.390299494,39443.852853328,30580.389252782,508.814,J9LzCDkBTbGwmdQ3,48,107,492.401,490.216,490.84,490.216,18.598000000000013,28.81400000000002
29,Areko Nariva,33739.865182871,33739.865182871,39225.928474532,30489.664331749,521.626,FtJ1VvcKA8qQwgmT,12,125,488.084,487.461,485.812,485.812,35.813999999999965,41.625999999999976
30,Isalania Oarburghe,33707.709081051,33707.709081051,39629.786762195,31292.299599277,517.009,B1FwZ7bnxATh2zVX,2,9,491.525,490.817,488.412,488.412,28.597000000000037,37.009000000000015
31,Ayaka Taki,33706.373138097,33706.373138097,40351.857324656,32103.820926568,496.107,bw3qKBhC8tdR4ykf,1,64,486.121,487.77,488.393,487.77,8.337000000000046,16.107000000000028
32,King's Row,33670.682611041,33670.682611041,38823.606409408,30374.629131593,503.255,9Zzk427WaTPXhnYj,1,8,495.527,494.814,493.209,493.209,10.045999999999992,23.254999999999995
33,Haggis Mchaggis,33660.112486204,33660.112486204,39916.255817198,32038.715226195,511.23,vfd3HrN7yAj2mtG6,1,9,488.445,490.046,487.733,487.733,23.497000000000014,31.230000000000018
34,Aslan Miller,33659.398209107,33659.398209107,39804.016072635,30219.184867402,503.526,vdjP8zgyc3qD42CW,1,2,492.202,490.643,489.973,489.973,13.552999999999997,23.52600000000001
35,Smol Mayar,33647.457639253,33647.457639253,38718.332489765,31363.819978189,559.472,QLKdaPhN9VqWcBD3,43,131,492.767,490.671,490.046,490.046,69.42599999999999,79.47199999999998
36,Kou Koko,33641.507968531,33641.507968531,39194.267867378,30964.749574377,528.877,7fXQwt8gDCdnWy3F,1,4,488.904,488.235,486.541,486.541,42.335999999999956,48.87699999999995
37,Rindera Graem,33640.294167411,33640.294167411,39640.954034895,30956.065853854,509.04,JTYrn6H9j2mpCBN8,10,146,492.822,492.153,490.413,490.413,18.62700000000001,29.04000000000002
38,Aisaka Sora,33635.950273579,33635.950273579,39164.721234699,31154.059378172,527.477,mCAPGtWTcdrv8fhF,3,13,489.399,488.732,487.306,487.306,40.17099999999999,47.476999999999975
39,Arsye Monat,33617.982039216,33617.982039216,40458.438339404,30974.221048097,509.67,Qtfg4p7zYbdnmPT8,5,40,490.051,487.822,489.25,487.822,21.848000000000013,29.670000000000016
40,Choco Madeleine,33611.965709967,33611.965709967,38802.169327826,30240.408793752,503.482,18TNwcVWPJZMARb6,2,12,490.375,488.731,488.061,488.061,15.42100000000005,23.482000000000028
